{
  "corporations": [
    {
      "id": 1,
      "name": "Ocean Scouters Inc.",
      "ships": [
        1,2
      ],
      "homeHarbors": [
        1
      ],
      "garbageTypes": ["PLASTIC"]
    }
  ],
  "ships": [
    {
      "id": 1,
      "name": "Explorer",
      "type": "SCOUTING",
      "corporation": 1,
      "location": 1,
      "maxVelocity": 10,
      "acceleration": 10,
      "fuelCapacity": 3000,
      "fuelConsumption": 10,
      "visibilityRange": 5
    },
    {
      "id": 2,
      "name": "Collecter",
      "type": "COLLECTING",
      "corporation": 1,
      "location": 1,
      "maxVelocity": 10,
      "acceleration": 10,
      "fuelCapacity": 3000,
      "fuelConsumption": 5,
      "capacity": 1000,
      "garbageType": "PLASTIC"
    }
  ]
}