{
  "tiles": [
    {
      "id": 1,
      "coordinates": {
        "x": 0,
        "y": 0
      },
      "category": "SHORE",
      "harbor" : false
    },
    {
      "id": 11,
      "coordinates": {
        "x": 0,
        "y": 1
      },
      "category": "SHORE",
      "harbor" : false
    },
    {
      "id": 2,
      "coordinates": {
        "x": 1,
        "y": 0
      },
      "category": "SHORE",
      "harbor" : false
    },
    {
      "id": 12,
      "coordinates": {
        "x": 1,
        "y": 1
      },
      "category": "SHORE",
      "harbor" : false
    },
    {
      "id": 22,
      "coordinates": {
        "x": 1,
        "y": 2
      },
      "category": "SHORE",
      "harbor" : true
    }
  ,
    {
      "id": 13,
      "coordinates": {
        "x": 2,
        "y": 1
      },
      "category": "SHORE",
      "harbor" : true
    }
  ,
    {
      "id": 23,
      "coordinates": {
        "x": 2,
        "y": 2
      },
      "category": "SHALLOW_OCEAN"
    }
  ,
    {
      "id": 33,
      "coordinates": {
        "x": 2,
        "y": 3
      },
      "category": "SHALLOW_OCEAN"
    },

    {
      "id": 34,
      "coordinates": {
        "x": 3,
        "y": 3
      },
      "category": "DEEP_OCEAN",
      "current": false
    },
    {
      "id": 44,
      "coordinates": {
        "x": 3,
        "y": 4
      },
      "category": "DEEP_OCEAN",
      "current": false
    }
  ,
    {
      "id": 43,
      "coordinates": {
        "x": 2,
        "y": 4
      },
      "category": "SHALLOW_OCEAN"
    }
  ]
}