{
  "corporations": [
    {
      "id": 1,
      "name": "Ocean Scouters Inc.1",
      "ships": [
        1,2
      ],
      "homeHarbors": [
        22
      ],
      "garbageTypes": ["OIL"]
    },
    {
      "id": 2,
      "name": "Ocean Scouters Inc.2",
      "ships": [
        3,0
      ],
      "homeHarbors": [
        13
      ],
      "garbageTypes": ["OIL"]
    }
  ],
  "ships": [
    {
      "id": 1,
      "name": "Explorer",
      "type": "SCOUTING",
      "corporation": 1,
      "location": 1,
      "maxVelocity": 20,
      "acceleration": 20,
      "fuelCapacity": 3000,
      "fuelConsumption": 10,
      "visibilityRange": 5
    },
    {
      "id": 2,
      "name": "Collecter1",
      "type": "COLLECTING",
      "corporation": 1,
      "location":1,
      "maxVelocity": 10,
      "acceleration": 10,
      "fuelCapacity": 3000,
      "fuelConsumption": 5,
      "capacity": 50000,
      "garbageType": "OIL"
    },
    {
      "id": 3,
      "name": "Collecter2",
      "type": "COLLECTING",
      "corporation": 2,
      "location": 1,
      "maxVelocity": 10,
      "acceleration": 10,
      "fuelCapacity": 3000,
      "fuelConsumption": 5,
      "capacity": 50000,
      "garbageType": "OIL"
    },
    {
      "id": 0,
      "name": "Explorer2",
      "type": "SCOUTING",
      "corporation": 2,
      "location": 1,
      "maxVelocity": 20,
      "acceleration": 20,
      "fuelCapacity": 3000,
      "fuelConsumption": 10,
      "visibilityRange": 2
    }
  ]
}