{
  "tiles": [
    {
      "id": 0,
      "coordinates": {
        "x": 0,
        "y": 0
      },
      "category": "DEEP_OCEAN",
      "current": false
    },
    {
      "id": 1,
      "coordinates": {
        "x": 0,
        "y": 1
      },
      "category": "SHALLOW_OCEAN"
    },
    {
      "id": 2,
      "coordinates": {
        "x": 1,
        "y": 0
      },
      "category": "SHALLOW_OCEAN"
    },
    {
      "id": 3,
      "coordinates": {
        "x": 1,
        "y": 1
      },
      "category": "SHALLOW_OCEAN"
    },
    {
      "id": 4,
      "coordinates": {
        "x": 1,
        "y": 2
      },
      "category": "SHALLOW_OCEAN"
    }
  ,
    {
      "id": 5,
      "coordinates": {
        "x": 2,
        "y": 1
      },
      "category": "SHALLOW_OCEAN"
    }
  ,
    {
      "id": 6,
      "coordinates": {
        "x": 2,
        "y": 2
      },
      "category": "SHALLOW_OCEAN"
    }
  ,
    {
      "id": 7,
      "coordinates": {
        "x": 2,
        "y": 3
      },
      "category": "SHORE",
      "harbor" : true
    },

    {
      "id": 8,
      "coordinates": {
        "x": 3,
        "y": 3
      },
      "category": "SHALLOW_OCEAN"
    },

    {
      "id": 9,
      "coordinates": {
        "x": 3,
        "y": 4
      },
      "category": "SHORE",
      "harbor" : true
    }
  ]
}